model,loss_metric,loss_L,loss,loss_U
xgb_C_driveEP_oq2xdq2x_1_weightByDrive,rmse_EPHat_ValueY,2.5897627571529744,2.592814453213175,2.595866149273376
xgb_C_driveEP_s_1_weightByDrive,rmse_EPHat_ValueY,2.591249937260433,2.594274569366074,2.5972992014717144
xgb_C_driveEP_s_1,rmse_EPHat_ValueY,2.6166404905022715,2.6191710860150845,2.6217016815278975
xgb_C_driveEP_oq2xdq2x_1,rmse_EPHat_ValueY,2.617114575039168,2.6196660475496834,2.622217520060199
xgb_C_driveEP_s_1_weightByDrive,logloss_PHat_Y,0.7496851419103431,0.7509614409665072,0.7522377400226713
xgb_C_driveEP_oq2xdq2x_1_weightByDrive,logloss_PHat_Y,0.7510003650055683,0.7522803793181164,0.7535603936306645
xgb_C_driveEP_s_1,logloss_PHat_Y,0.7661422837338442,0.7671955247140292,0.7682487656942142
xgb_C_driveEP_oq2xdq2x_1,logloss_PHat_Y,0.7693407612033782,0.7703889775901608,0.7714371939769433
